{

    "arabica": [

        {
            "foto": "images/produk/product_capuchino.jpg",
            "nama": "Cappuccino Arabica",
            "size": "500 Gram",
            "harga": "200.000",
            "link": "https://www.google.com/search?q=cappuccino+arabica&tbm=shop"
        },
        {
            "foto": "images/produk/product_espresso.jpg",
            "nama": "Pahit Arabica",
            "size": "100 Gram",
            "harga": "100.000",
            "link": "https://www.google.com/search?q=pahit+arabica&tbm=shop"
        },
        {
            "foto": "images/produk/product_latte.jpg",
            "nama": "Latte Arabica",
            "size": "150 Gram",
            "harga": "150.000",
            "link": "https://www.google.com/search?q=latte+arabica&tbm=shop"
        }
    ],
    "robusta": [
        {
            "foto": "images/produk/product_kopi_susu.jpg",
            "nama": "Kopsus Robusta",
            "size": "100 Gram",
            "harga": "500.000",
            "link": "https://www.google.com/search?q=kopi+susu+robusta&tbm=shop"
        },
        {
            "foto": "images/produk/product_latte.jpg",
            "nama": "Latte Robusta",
            "size": "150 Gram",
            "harga": "150.000",
            "link": "https://www.google.com/search?q=latte+robusta&tbm=shop"
        }
    ]
}var template = ""
            $.getJSON(sumber).then(function (data) {
                var data_kopi = data[dipilih]
                console.log(data_kopi)

                data_kopi.forEach(item => {
                    template += `<div class="col mb-4">
                        <div class="card">
                            <img src="${item.foto}" class="card-img-top" alt="...">
                            <div class="card-body">
                                <h5 class="card-title">${item.nama}</h5>
                                <div class="row hargasize my-4">
                                    <div class="col">
                                        ${item.size}
                                    </div>
                                    <div class="col fw-bold text-primary">
                                        ${item.harga}
                                    </div>
                                </div>
                                <a href="${item.link}" class="btn btn-success w-100"><i class="bi bi-cart4"></i> Beli</a>
                            </div>
                        </div>
                    </div>`
                })

                baris_produk.innerHTML = template
            })